guid, first, last,gender
db0134ed-3f02-51af-9f98-4f5b606c370f,Virginia,Ellis,Female
89e1c123-987a-53b4-a9bc-c54edbaa745f,Lucille,Mack,Female
dfac077d-3e92-5509-881c-a0e628b0eddd,Elsie,Reynolds,Male
a54f8673-8df5-5a99-8593-b0f028ee44d2,Steve,Briggs,Male
3ae3e7e4-775f-5a1d-92ef-e7c577d64019,Brandon,Patrick,Male
91eb59fb-69b4-5d51-9503-375feedcc170,Bernice,Price,Male
20e21678-36d1-56ec-a85c-b9f1189fb112,Lottie,Rivera,Male
6edcc4b1-4258-535d-958b-b6570e18bfd7,Jon,Carpenter,Female
a2d65734-17bf-54d2-8366-4484b4add0d7,Herman,Morton,Female
4bbd45af-f42d-5594-b4ee-f330ef4188f6,Logan,Curry,Male
a9ebabfa-6999-5355-a7b1-a74eaa8988c3,Maude,Bishop,Male
2e675133-21f5-54a7-b118-64b5cbfce0f3,Isaiah,Morrison,Male
2f11fe6b-1ef5-5f02-9a29-569ac124723b,Lelia,Boone,Male
8d660a55-8947-5542-a6eb-be7b22bc59e5,Bruce,Ortiz,Female
d82bfeb0-2359-5013-a9fc-6c71f75a79e0,Gavin,Burke,Female
b095fbd1-4bd4-50df-b911-008fd03dcf28,Kate,Padilla,Female
a17f86a8-4ac7-53f9-beeb-b368f9c16226,Bettie,Boone,Female
4d2077a8-ce80-5ce0-bcfc-110cc0a02948,Alice,Riley,Male
17c46775-8776-5740-aa8a-24ced19d006e,Edgar,Walker,Female
8a6cffcb-73b8-55c8-b461-3dfbc9ff2f76,Lenora,Warner,Female
c95b6b24-a9fd-5771-a5fa-96efac4dca6f,Roger,Massey,Male
c1a886e8-fc48-5b10-98cf-eb21b8d20220,Alice,Buchanan,Male
4a474ba5-10e3-5687-8133-1f550f1687c7,Charlie,Cruz,Female
b6533dcd-f0a8-5ad2-80ca-1ea947c14db0,Lillian,Myers,Male
603398bd-ff7b-5899-9203-0ed710f7551a,Sophie,Griffith,Female
476eef4a-900d-5864-bad5-cb8c2f51db84,Cora,Shelton,Male
eebb24ca-47d1-53db-8248-7cd2993964b3,Lee,Robbins,Female
d53ac927-a32c-5aad-8383-f27c80e27efd,Luke,Weaver,Male
5d5b5af5-2f01-5950-8a7c-d8325e0eb654,Cody,Bass,Female
acdbce71-2443-5016-8839-5252dc75b1f3,Minnie,Richards,Male
187c887f-486f-516a-a3a8-291e6f480574,Hilda,Munoz,Male
201f4960-79d8-5416-8f33-0a081c3f183b,Steven,Roberson,Female
8765b760-924f-51ab-822d-badcc8d9fc8b,Eleanor,Hines,Male
5c15eb91-18ce-5fba-9625-8c390c23ad4d,Ronnie,Moody,Male
723ff96e-bc17-537f-bdb6-f2c6c00fad33,Brian,Patrick,Male
dd4136a6-56a2-586c-b940-a7c57afa1b61,Mitchell,Craig,Male
44fceb8d-32dd-59ff-8840-4e007d9e1e2b,Russell,Larson,Female
607475ff-c297-551c-af78-5e85ff8b92ae,Lulu,Doyle,Female
1f5a9012-1a69-5a22-9e63-f82a3480f9d0,Erik,Black,Female
35de7c8a-cc5d-5f03-a7b6-887839ca1474,Gilbert,Pierce,Male
e7fdc2f8-b689-55ae-92e7-3f8887bc71af,Mason,Hudson,Female
0f3a4f3f-8011-5352-98e3-325c97b9cca7,Jay,Sandoval,Male
a29c2b46-2196-55b4-bd58-c5aed89b49d7,Anthony,Hill,Female
833616ef-1d86-5d6a-bd4d-aa7a3df01a04,Howard,Patterson,Male
cbdb5a95-250c-5437-915b-88b1b0819ec1,Delia,Hicks,Female
d8ea9f26-a33f-5467-89e1-09f3d396862b,Rebecca,Black,Male
329a1adf-c0a9-58cc-88fa-26792f9aeded,Carl,Wilson,Male
5beb2856-4b8d-5841-b59d-6e6d8ffd01b6,Duane,Phelps,Female
d949f144-5667-5e36-81ee-9fb9f404f0fc,Bertha,Reed,Male
fdc37ec5-b05b-591e-ae49-842c3f38cfd0,Carolyn,Bowen,Female
99a39c18-590e-581f-839c-8a1e52862d55,Willie,Mitchell,Female
797fc142-3826-51ec-9bb7-cf2b0f84912b,Lewis,Woods,Female
ff3a03e6-2312-5074-aff9-26c6a877c854,Sallie,Patton,Male
b6a98f51-06b6-5903-8425-95fd63c716d8,Johanna,Sparks,Male
01a3f068-fe7d-5a3e-866d-5db1a688dbd3,Lela,Ellis,Female
5addeca8-bb33-5d5a-a778-9b3530f6b462,Christian,Cunningham,Male
0d7c9885-b81b-5482-93e4-e1d2b3a79e42,Adeline,Johnson,Male
6206abfa-9656-507e-95c4-a5802297904d,Florence,Arnold,Female
592b5a6d-9389-558a-bf57-609d36dc1ea3,Eva,Conner,Male
76763ca7-56e5-5f79-bf70-0a88ce9c175b,Timothy,Haynes,Female
803e552a-3fdc-5404-ace0-b52c72ecd308,Adam,Blake,Male
520daf94-3b60-50be-8297-73375a60e1f0,Lou,Houston,Female
0b6a0d8b-94f0-59bb-bd2a-dc7cff897523,Georgia,Holloway,Male
15beea38-e69a-53ef-aa74-6f2df1a1db17,Bruce,Fuller,Male
a18a5b7c-faf6-52f0-9a8b-b9d13f2be505,Norman,McKinney,Male
1f189227-d9e0-505b-adbf-90ae0272b8f4,Amelia,Andrews,Female
971de6a6-6289-5e02-981a-7050ec0dd3e4,Shane,May,Female
994d0d3f-ef44-59f1-91fd-64cfdcb1bc00,Kyle,Harris,Male
14f298a5-e3b2-5d35-ac8f-90d04cc2c75a,Stella,Estrada,Female
615c37d6-4d80-5a5e-9337-512d9135b383,Catherine,Reid,Male
c014a266-5212-56cf-a131-32397c30b03a,Polly,Goodman,Female
46e2de87-96dd-5810-a381-bf2603f5a312,Pauline,Jensen,Female
14ac39ae-7dcb-5ba4-b7e5-d8ccee649eea,Mable,Marshall,Male
7e242809-1de0-5fca-9930-3c18d8dc6e62,Helen,Santiago,Male
2ed59257-ef71-598a-b768-1beef9016294,Adeline,Dennis,Male
2a271065-7dc0-5370-a43c-dad06bb6ac50,Phoebe,Morrison,Female
7bb51b00-dc9f-5ccd-a960-0cb62a494fb5,Lelia,Day,Male
265c2c6e-ba69-5460-b613-d47d0bab882a,Bertie,Pope,Male
fdca4c28-e635-5fc3-9cde-bcf7bfe8c535,Mayme,Fitzgerald,Female
d414849c-fd3b-50d1-b7fb-9c56e8aaa55b,Scott,Hodges,Female
f221cc48-782b-5c09-8ade-86e577c54323,Clifford,Ortiz,Female
66e938f7-eb49-51bc-aad8-141959a58ccd,Josie,Todd,Female
9b905023-cb3f-5630-ab4f-3c763d14151e,Mario,Bush,Male
6fe15610-51f5-5db1-87ca-8991de889a8d,Raymond,Pittman,Male
92631b58-c3e7-57af-9c6d-dde373e6d32f,Linnie,Spencer,Male
bde2eee1-f20b-5142-bf49-746f52c25d1f,Bessie,Kim,Female
b88e6418-beb0-53da-bd58-7534c4d6fda4,Ryan,Herrera,Male
f45265fb-e0c2-5578-b16c-655154fcd8f7,Peter,May,Male
46a0d3ca-855f-57da-a05c-df66a4cf959f,Marc,Pierce,Female
88ef63f1-ae23-5ea1-8466-83dfdf89e31e,Kyle,Fisher,Female
d255d41b-61b5-567a-8af5-1cdb9bf45783,Mildred,Chandler,Female
65b8b4b9-f991-53ab-9904-db84f19cb8a0,Virgie,Adams,Male
765604ec-77b1-5d09-a7e0-53bcac09e6a7,Lottie,Rodgers,Male
3ad482a4-17ea-5eb5-8b06-a3028c557f46,Katharine,Rice,Male
e9c54a01-57c4-52c6-b60c-20cc1b383aaf,Mittie,Hall,Male
d604bc5e-5777-5f28-9af1-e7b3acbc0fa6,Luke,Cobb,Male
999efac1-3d7c-5a25-8dad-c72fb98fb343,Frank,Tate,Female
757b8247-f1a4-5f50-a076-942548b3c039,Nicholas,Roy,Female
b301e327-29dc-5750-9f90-14c84658e933,Aaron,Holloway,Male
dc7dafa4-5cc0-5cfa-8eb2-09b622a473ad,Katie,McKenzie,Male
b7a2b7e1-1212-5af3-937c-04a09d8ba117,Russell,Davis,Male
b5f43975-1f37-55ae-a8c1-373ad0e291d1,Lucile,Roberts,Male
7a2f14ae-c0fd-5053-bd51-c73425a4b44e,Maggie,Nash,Male
8ac3d6bb-101d-5d74-aee1-7d1ce12429ca,Elijah,Valdez,Female
19e519a2-e041-5b28-b6cb-03283e4f40e3,Charlie,Jackson,Male
0f5b181e-9557-5c14-baea-ccca09846b1a,Milton,Wilkerson,Male
eb3204b6-391c-5ad6-adf9-aea73a4da7dd,Rebecca,Lynch,Male
de3e31ae-0d2e-5adb-9c87-6a462c5fc2d8,Brian,Cain,Female
61501764-26ec-540f-a6e6-e1cffa5d33e0,Trevor,Gutierrez,Male
c2c58743-2c5d-55b5-9448-c682f6722770,Christina,Duncan,Female
f69a6653-18d0-5d38-9042-842b8d7383b3,Ellen,Lucas,Female
18df7d0c-c50c-5d71-89e3-8fcc616ce675,Leona,Briggs,Male
496efaad-6949-5ae7-908d-04cbe1defd92,Mae,Fox,Male
8fdb3d16-65c8-525a-aa9f-9e063d1305d0,Duane,Harmon,Male
cd45562d-20e4-5fbc-b069-af8a7de3fdab,Ina,Smith,Male
24382944-54a7-51e2-83b2-8e9d244640f0,Maggie,Yates,Female
5410b046-83b7-5768-8132-e075fe0cec54,Pauline,Mason,Male
b54f532b-1fb0-58de-8415-adfa39765c7f,Dollie,Wilson,Male
1e31299b-0360-5011-b80a-1ddb965bed6f,Leo,Brewer,Female
9fb39c80-a8d5-5504-98e0-8db1aa200a03,Teresa,Briggs,Male
22fd6b56-378a-52e6-8dc5-70e2892edac9,Lloyd,Page,Male
e5b21f90-c2c9-53db-8aec-14ca199b4eea,Jose,Allen,Male
6a96cbb5-cea1-5e0e-ac7f-a7be5081b8df,Sophie,Valdez,Male
e5a21adb-317f-5ced-ad01-a9d9bfbce1f5,Todd,Hall,Male
558258ac-b182-5b4e-bbda-a8e1bd977b3a,Sylvia,Cruz,Female
ebb09f82-720b-5302-9fb8-c1f742d6f96a,Emma,McGuire,Male
fc699f93-810b-504a-aba6-18e4e2cd748e,Gregory,Flores,Male
85c39c28-2101-58cd-ab48-25930117ca01,Howard,Hanson,Female
2c93c01a-5a10-5c52-b50a-056a9a3f02b5,Gertrude,Lynch,Male
a7bc5b74-5f16-5b12-89ee-0629db943db0,Christina,Shelton,Female
47a49874-b0d3-583a-b794-2c96d2cc8c2e,Douglas,Harvey,Female
f441d0d2-2c03-57a9-8790-a44f6fc0784b,Iva,Benson,Female
c67462bd-d74a-5f4a-b1e8-da9e61a254f1,Jesus,Palmer,Female
b1bb1e65-5771-5b97-a098-9ee4bca14f3b,Harriett,Reeves,Female
674508f4-6fca-54b9-968f-4c77286cc893,Jerome,Ramirez,Male
71801889-385f-5b0a-ba3c-a15171db3d88,Flora,Gibson,Female
79cd5ba1-a744-5d25-8602-c6ce6dc1a9f1,Annie,Holmes,Female
45319ab4-c176-5214-b9c9-1207f0cfd033,Maude,Jacobs,Male
c16d5a6b-8929-51c6-a5b6-29263bd4e9a5,Roger,Bennett,Female
660f035f-c74b-5da8-a373-c17a88d3df00,Matthew,George,Female
705d29bd-8991-5286-b089-1274400d0519,Leon,Reeves,Female
b70aee02-c44a-569f-8534-f073c60a1a64,Jay,Collier,Female
cba4307c-dee6-5e0d-9526-db2164b19259,Seth,Larson,Male
224a932a-f95d-5ac1-849d-79c96596e162,Carl,Wright,Male
e233618b-5821-50d9-86a1-19d43f05416e,Polly,Brown,Male
7df5545a-0cef-50d6-b057-8b4ac0f88b54,Herman,Holt,Male
7992073d-cd8d-5379-b42d-2e7db937259d,Martin,Young,Female
423dbd29-809e-5c3d-b607-eeb89c439f3c,May,Munoz,Male
d6d97cd8-bb76-5a53-9ba5-cd35ba09a379,Dollie,Love,Female
36d8dd01-d817-544c-95df-31bed4652d74,Martin,Murphy,Female
9106489a-631f-538f-aec2-43f787990c9c,Hallie,Ballard,Male
c9e8592d-9ad8-5754-a42f-6491d128649e,John,Lambert,Female
71ce70f3-c2a7-57f9-a23d-46ac879f8930,Barry,Morrison,Female
39d46cd2-aa4d-5bd5-b445-ab1fe9bd58a3,Billy,Smith,Female
e2f00af0-56c4-52ff-8d37-66825f15624c,Betty,Ford,Male
42794c04-1590-50f5-aefa-208bf70f21fe,Mathilda,Holmes,Female
b43a6387-7239-5cf0-9d24-9c9d13b1c6c4,Alex,Stevenson,Female
4905a8ca-6996-52b3-8579-433628de8874,Kevin,McKinney,Male
253e8946-5617-51a8-b31b-9683c4426b8f,Mason,Cunningham,Male
35be9f06-fec9-592b-b58a-c649be83a509,Cynthia,Henderson,Female
bc60e1be-ae84-51b6-91b4-f8273a904907,Steve,McDaniel,Female
6e645790-1a7a-5542-ac6c-033335f11fe4,Millie,Watson,Male
62d71da3-a3c2-5530-9a32-11d43298c2c1,Terry,Cannon,Male
5ed799bb-e5c4-5bbf-b336-6a0b92f87150,Josephine,Weber,Female
5d596d29-7384-5797-bf44-3a4ecae53ceb,Max,Howard,Female
99f8141f-b127-5dbf-8314-fcaa03bbdbd4,Sam,Goodwin,Female
b061f960-7606-573d-9487-356bb17d6a38,Daisy,Roy,Female
02e0a6b9-61a7-55ec-a38d-8a494914e2ff,Virginia,Marsh,Male
0943baf5-35e8-55cd-99cf-ed2bd235c636,Maude,Park,Female
72eea339-9da4-558a-9507-7dca6c031b41,Johnny,Williamson,Female
7816698f-0e6c-5987-b94b-f3ee3e797c34,Helen,Tate,Male
250a3b10-98a1-50e9-accf-e901c2e630cc,Dorothy,Glover,Female
994ffc01-483d-5a30-8c5f-fb130615ad01,Lydia,Porter,Male
ad3d99e7-0684-5c52-bf87-35b68bfe909f,Lela,Gomez,Female
cc711a61-0e60-5390-b5c1-af56e335c463,Sarah,Russell,Female
e6716624-c46b-5880-ba87-f4e23fb21b8f,Sean,Townsend,Male
b585c57e-60a7-5d0c-b436-af164c826787,Richard,Fernandez,Male
aaa76282-be39-5dc0-9b0d-b26029b20ca8,Allie,Parks,Male
f637788a-86d3-5945-83c9-084fe6b2772c,Raymond,Silva,Female
46800f3d-8b67-5735-9f25-ae4683d92406,Mitchell,McGee,Male
ed4c2c86-dc5d-5e41-9ad9-3e02f6056b1f,Louisa,Bowman,Male
7d888b4e-b125-52cb-832d-bf83e623ba36,Curtis,Guzman,Female
ad5e0111-d868-5b7b-8aa8-a21fe724b7cd,Adele,Jordan,Female
0e23b4f8-625a-5a0e-84af-b99e42180fe4,Mary,Moreno,Female
ce87c76c-f7e2-57e8-91da-5651c0a16571,Kevin,Weber,Female
cac89614-eb78-5787-9fcf-63a44c791aad,Barbara,Colon,Male
ef968403-21f3-5d56-b776-6733180ee3ad,Austin,Palmer,Male
79597b3e-6e36-5496-8e92-bf72426bc211,Katharine,Fitzgerald,Female
8734e8da-eec9-5c14-a823-4bd0a7e33fd1,Flora,Rowe,Male
1491d72d-1c1d-5ab8-a0f8-f2271cfb3b65,Mittie,Baldwin,Female
7c5dc6a2-b0eb-59ac-be36-37a8a50eef98,Mark,Vega,Male
03460572-04d5-5171-96d8-915baa401bba,Virgie,Price,Male
dd560d4f-9154-596a-80f4-544be1d548e0,Alfred,Ross,Male
a622d8bd-aa7d-5434-8557-e77c158d4f39,Lina,Sparks,Male
e73e7908-7a4a-54ec-9a25-06c06784d42c,Jayden,Davidson,Female
7dcf8c0c-b28d-503c-9d3f-b168d0172e8e,Travis,Allen,Female
8297c4cb-ebc8-508d-bc55-5fc72ac3006a,Nannie,Hansen,Female
380c9607-e251-5aa1-aba2-03f17ee88b81,Genevieve,Fitzgerald,Female
d2822c7c-476c-5cfb-b6bd-17510ba4a38b,Katharine,Black,Female
ae051b37-eec6-5e8c-8759-16f8790e5f07,Kathryn,Francis,Female
8ffed4d3-0699-5749-9334-16edd4f60ffa,Belle,Lindsey,Male
f49bb776-7d68-583f-81c3-1e5aea36a695,Ida,Parsons,Male
61cc38ba-39fc-5515-8eba-aa2d8b45f20a,Howard,Higgins,Male
45961122-f969-54e0-9757-b8255a81724c,Willie,Carter,Female
238d141d-63c1-556e-a5a1-7d38540cd261,Chester,Gordon,Female
86901976-8d36-5ef4-960b-763092d32079,Gordon,Santos,Female
1c3cc854-0a8a-5d8c-9d68-e9fd2bd06937,Lee,Mendez,Male
4bd4ab04-9443-5763-821e-34a792dd5fad,Barbara,Owen,Male
69ca56d7-49a9-5f7b-81e0-344bb880261f,Lura,Ramsey,Male
125cc32d-c82f-5754-a9e3-f86a63eb50d3,Lucinda,Hart,Female
27a1007d-e061-5349-91c8-d80a9caa1efb,Eleanor,Lucas,Female
9ebb4f63-9a21-5a6a-a645-4aa3e6fd4ac9,Edith,Warren,Male
c44f69ad-44b4-50ca-8e82-fa87bf7092fd,Lula,Pratt,Male
d3c81fa3-88ad-55be-aa27-02cde8bcb371,Leona,Summers,Male
d157fe4a-9f39-5a27-b829-977130315291,Chase,Rose,Male
cad4c726-d757-58e3-8605-98b0a6e5dba2,Nellie,Myers,Male
332a4e38-e68b-5813-aa6c-fbd59609ea8f,Chad,Ingram,Male
631cb530-fd97-5e95-80f6-162734c8b275,Billy,Morton,Male
bb710a6e-a214-5ea3-9584-e58e6c606de2,Ruth,Malone,Female
854f7905-8392-5114-a8dd-9ae52b776b07,Clyde,Little,Male
9a34dd7e-097f-566e-b509-9d85a3af24af,Jason,Bryant,Male
109d727d-255d-5104-bace-9569cbe4be98,Helena,Nguyen,Female
710833ad-506a-50f8-a996-9d50de1c501a,Jean,Moss,Female
3ff115ab-05ef-55f0-a237-ed7d8d606be0,Don,Underwood,Female
8b545ccf-1651-5683-9b8b-20eb4e4dff91,Ella,Ray,Female
8efa1d20-51cf-500f-b815-fe9192b42ead,Mayme,Newman,Female
4b5a7f7d-d838-5daf-a531-68dbfe651b81,Rachel,Carroll,Male
6e2ed993-35f1-5303-b0f1-236d640d67d1,Mike,Jenkins,Female
6876aa83-1518-5e42-9a46-ef6e04c3335c,Bertha,Wheeler,Male
2da48fab-e45d-581d-8c8f-73cfdb5f4dba,Francisco,Nunez,Female
0b9ca693-1ad3-588a-8cfd-0ed55a6972bd,Lucille,Pittman,Male
54cb577e-25a5-50fd-aa0f-16e58ea15158,Margaret,Webb,Male
d95b0d5e-fd8e-5ee4-9daf-0ea20ee77541,Millie,Sparks,Male
4146296c-e75b-50fe-a301-24cedc620dc6,Carrie,Evans,Male
5b391591-5a08-52bd-9293-be6d52323a67,Carlos,Phillips,Male
4af5df91-d8e4-5207-ae01-c7bb980c8f00,Julian,Richardson,Male
a4f45a8b-f619-59dd-be5c-4fdc54a39ef1,Bryan,Lowe,Female
c4239697-f160-5d4e-9e0c-ceaa9cc8a2c5,Billy,Obrien,Female
21a36654-28cc-542d-876a-32d77b2a0fe7,Juan,Robertson,Female
6e0878ba-e3f6-5718-98d2-464e3d947984,Nancy,Bates,Male
817ab9df-8234-5d89-853d-1cb131eb47b7,Rodney,Perez,Male
81378975-efc2-5920-93a1-c6b1e52af11d,Paul,Wolfe,Female
8fe59ee0-e4a6-5f37-be3d-60664fcb4a06,Carrie,Sanchez,Female
6ebda092-135e-5b28-a88e-b250988a4c20,Isaac,Reeves,Male
6ad66cb6-3a97-5866-9202-53cb7f00d093,Essie,Herrera,Female
a64d7fd7-b199-59f8-8538-078c87d730a2,Dominic,Rose,Female
7222c1bf-cf5f-56f2-abee-57ff390c6556,Bertie,Blair,Male
141558f8-d493-524f-8ef7-1421c670f1f4,Allen,Rice,Female
a8a38876-08a6-5e1b-84cb-5bb87fda6956,Hallie,Lane,Female
958ac0ec-4b96-5dbb-9e31-d2b56d88a1b7,Jesse,Medina,Male
ffc773d3-6e20-5c47-bfa0-aa13f5ae24a9,Clyde,Chambers,Male
537cc91f-f13a-58ad-b362-0885dd182c25,Leroy,Howell,Female
94a36b1a-b168-55a3-8075-ad738998cc6c,Melvin,Lawson,Male
f6deccc3-34dd-5261-b28a-ffb5e418d330,Troy,Joseph,Female
e4a85418-d12b-5d46-845c-e134c2af614e,Rhoda,Obrien,Male
bb713c1d-9b77-5889-abb5-ab9fcae6bad5,Mollie,Beck,Male
4b1458f9-b2d3-5c93-8492-f900d2ae8219,Estelle,Lambert,Male
8c8a7085-2f57-5dc9-9e43-27ad80f0d60b,Bertha,Curry,Male
54dc3d3d-3c6e-5568-8a5d-a5b521dc17bb,Harriett,McLaughlin,Male
9a264412-0834-5571-91b1-7e93c83987a1,Chris,Warner,Female
b219a704-4525-598a-ae70-1df1e867b5b8,Belle,Steele,Male
5eb9d043-7287-5384-be24-d943d8a70b7a,Maggie,Warner,Female
df338cf4-18c3-5704-b711-1c33ae601aa0,Inez,Ruiz,Female
a3078fc8-cda0-5124-a07a-a4faa57e26ea,Nathan,Wallace,Female
7d3104a7-6186-55c8-ac41-b6304907131f,Marvin,Clayton,Female
b8d5e294-45c7-5ed3-bda6-20c148199050,Alberta,Ellis,Male
ff593617-e30f-5699-96e9-25b8942a5935,Henrietta,Stanley,Female
626825d2-d8c3-5ed3-949e-9b4b8226b017,Gavin,Black,Female
d7338bba-476c-5f0a-a92e-779bb41c9919,Evelyn,Simpson,Male
33b470a5-6a4c-5cbf-8f3f-fa4756a9f629,Estelle,Lee,Male
7f377d50-2605-5ba0-abe9-10e81f716194,Carlos,Carson,Male
91fe53e1-2e42-5b33-b1de-1bd1c860f277,Marion,Russell,Male
b67f1bc9-f0f9-5100-9fb3-5cb8d3cc2b8b,Sophia,Hicks,Female
51ba3678-5b89-59dc-884b-97bb2f6bf3d3,Donald,Mitchell,Female
93250d7e-6638-525d-9994-a416f3d7f260,Erik,Harrison,Female
3a0fc513-5d55-525b-b370-9c711c6adb0d,Troy,Jackson,Female
12efc665-fa6f-54a6-9491-b15e3c8e8cbb,Mathilda,Larson,Male
2bd644b8-b605-52e1-9891-40a4f6f98728,Lloyd,Watts,Female
c755c55f-093e-5ad5-be4e-5b06eae1593c,Aiden,Vargas,Female
213d8f70-b989-57d0-a55d-6276b89c97ac,Owen,Norman,Female
53dab34c-94d5-58bd-b7e9-f96f4d6f69c5,Christine,McGee,Female
cfa79933-e8ea-564c-b3a1-27775802f4b4,Dorothy,Burgess,Female
1fb5c1c3-69ce-595b-8aca-c5624b59778e,Eddie,Fuller,Male
688c7b8a-e711-50ed-ae58-ab8b37601ef2,Cameron,Peterson,Female
1672450d-aa82-5bf0-9e90-e773e34e9645,Estella,Hopkins,Male
42ea6bd7-0cba-5975-998d-48c501c0df13,Jay,Hicks,Male
58d8baf1-235b-514c-ae14-9330850b491c,Lewis,Sherman,Female
95172f2b-f228-54d7-9f9f-928b0d52ba4f,Lina,Gibbs,Male
c3a114c8-eb75-57df-b570-6613670380b9,Derek,Buchanan,Female
53829ce9-729a-580f-8d52-9b388bb5879c,Jackson,Fields,Male
a50b1772-dc6a-5581-8b65-278ae676dc83,Mildred,Stanley,Male
3c75f1e8-26f2-51a1-acde-488378edf84d,Harold,Guerrero,Male
ba966020-5577-5b45-9dce-ac6ad3b17b23,Christopher,Walters,Female
3667d8aa-8840-584a-a1e1-1dc4cc076020,Hulda,Palmer,Female
58101c2a-6e28-569c-b918-33c5b6c6d1f3,Jennie,Hicks,Male
6cfe3a58-7811-5bad-9ad7-50f82481cad7,Joe,Hayes,Female
6f0a794b-844a-51e8-9e3f-faf55d33e54c,Sally,Davis,Male
a444e8fc-6e88-5482-b77e-0556bd808892,Landon,Butler,Male
5db2dc1b-22b3-5d6a-9bae-cf3b7e82029b,Polly,Summers,Female
a3454235-ffc4-5016-9652-08780b29fe7d,Gordon,Terry,Female
d5de8d9b-9568-5b43-acfc-70ade329cb5a,Kate,Willis,Male
4c10ab73-c9d3-547b-94ff-e3d87ec0392e,Johanna,Coleman,Male
aa323e78-dbe9-5ce6-be3c-16ae9461744e,Matthew,Manning,Female
cebb8fb3-2a43-5505-a641-d15660d3fef5,Dominic,Baker,Female
37c240e9-5a4c-5121-9c9a-770ae9e88fac,Lucas,Watson,Female
30e0fb64-2597-5b38-94df-53c3560a151a,Lola,Perry,Male
3e596d7b-6776-53ea-b4dc-339fc3bd6ec4,Louise,Adkins,Female
8903881c-f30c-5dcc-9f00-848d6eb229a7,Keith,Potter,Female
6cb6e58b-a287-58f7-8bd0-3f576fef9eb7,Myra,Higgins,Female
e17c7711-a4e7-5866-aa13-642f439309db,Beatrice,Cox,Male
a46989f0-bc56-53c3-a5d5-147a1e51a7d8,Harry,Massey,Female
4d6baffb-755d-5735-91cb-faec0b645a76,Patrick,Holloway,Male
32a14ca3-3248-5627-ad8f-219478143af2,Lela,Reed,Male
75abe7cd-dfe0-5c03-92ab-9833cf24d09d,Katherine,Bishop,Female
b93b4a01-886b-5648-aa05-f69c5dad41e2,Lenora,Hicks,Female
a1338652-60c3-5e43-b624-3ec251278546,Eunice,Stewart,Female
63418c24-457d-5752-b6d1-65d08f61518d,Brett,Davis,Female
a7d1730c-b44f-56ff-95b8-8749f656459e,Charlie,Fisher,Male
43d10b54-09fb-518f-8ed8-fd9b4b630d4c,Mathilda,Guzman,Male
44e47512-fc7c-5fb8-ae51-18adfce9ab2d,Leroy,Perez,Male
b37c0357-5a19-518b-84f1-d6d974094c8c,Juan,McCarthy,Male
644214de-a1e5-57c6-9d01-81e06431da35,Tommy,Glover,Female
fe9ce41b-60b7-5222-8be4-c13455ce4366,Sarah,Wade,Male
38eab5e4-0e80-5303-8429-23d81a72a7b8,Mable,Maxwell,Male
3eebcaa3-880b-5daf-80fa-e536e29ba548,Mamie,Little,Female
e5c8b42f-e568-52e9-9bd0-a643ca83bb34,Mabel,Lopez,Male
12fe269d-c98c-5dea-9cdd-2b98befbb411,Bernice,Page,Female
e0a3e28b-dc7a-5ac0-9984-752be49fa4c2,Chester,Harris,Female
9c4a796c-d411-5649-ba61-23ad78b8730d,Chris,Little,Male
f557d0a4-138b-5239-bb0b-fc21e25c3ca0,Gordon,Potter,Female
3ad256a5-152d-599f-a9d1-be2381ce48cc,Callie,Clark,Female
b96824c6-d4c7-5c32-977c-bda99ce69430,Polly,Erickson,Male
a576737c-bab4-5fb8-98a2-5fab1dbc66e2,Antonio,Jackson,Male
24becb37-0fc1-5a59-99c3-ee9f6e67ead9,Sarah,Christensen,Male
4c122271-bec1-5a2e-a3aa-7bbd1d671d2a,Luis,Lane,Female
d0887425-cf78-5a81-8145-1446101f5cd6,Susan,Francis,Female
1c4b1731-08eb-5449-8fa8-5366ca7e1a46,Laura,McCormick,Male
c3d549ba-085f-577e-83c4-25a818133a85,Antonio,Cross,Female
979b09e6-7dbd-516b-93f4-152da774509f,Jerry,Olson,Female
225e8ca7-9730-5479-8416-78b890311dd8,Billy,Walters,Female
911a4675-648a-52aa-8716-ba9187142a79,Shawn,Andrews,Female
4c15daf2-2d3d-5cb6-a39c-b10c79510ceb,Glen,Morgan,Female
e182b0b1-c8f8-5e9d-aa5a-bfb3b5ddf73d,Maria,Hart,Male
2a1f2c1a-b89a-501f-abc7-f6d66cf6cc7b,Nelle,Fisher,Male
5670a85b-71f7-589b-a88f-2d9deebe1948,Edna,Lamb,Female
d50d7545-cf0f-50bf-86da-b53c1be58fff,Lucas,Jimenez,Female
ecc9b1e6-0af4-5791-b7c8-ef672a9cfa85,Della,Lynch,Female
b0c5395c-f2cb-5abd-b382-8db8a9fbcd93,Wayne,Harper,Female
0a46fe10-f72e-5cd5-b9d8-4e2b4f0842af,Elnora,Collins,Male
163483e7-b552-5991-941d-97a26eb6cbda,Anthony,Richards,Male
c421500c-5a53-5821-b5df-fc7900052df7,John,Simon,Female
94c8006f-fa37-5dbd-a3f4-e56c19193d03,Myra,Smith,Female
e2f27b36-eee8-55d1-80f3-05369d51d7ea,Belle,Wood,Female
c1b55ce4-5a26-5037-ad46-3b6c45d31cb0,Maud,Zimmerman,Male
9b3248ed-8287-5210-83a1-e53c466531b4,Jose,Norris,Male
8785d64f-2bf0-562d-97e6-47f6ddc065ad,Henrietta,Jordan,Female
5ee2021c-72fe-5dc4-9d9b-4edaf50c294a,Linnie,Edwards,Male
32bcf2a9-44ae-5aa4-9d94-9563b5ddcea2,Vera,Gill,Female
015cf5b6-0353-5322-b1b3-d796ce75ae88,Billy,Adams,Male
ef046c36-7a2f-5533-895e-4f425237a2c1,Oscar,Brock,Male
9af831fd-8fee-5d3c-9b82-03cccff0e440,Dylan,Owen,Female
b2182f3f-1d16-5c33-801b-261be7bd2e07,Alejandro,Mills,Female
1fb42321-6178-53bb-bf6c-2a6b2b427494,Don,Burgess,Female
77c8e376-055e-51c9-8043-199181ead165,Allie,Neal,Female
fbf679a4-ccdb-5944-af36-20a1505a935a,Jerome,Gill,Female
cbfd84df-f1ed-51fd-9326-29e2331c9904,Della,Tran,Male
5d53c730-b1c0-5946-9406-cf0c0e109c1f,Alberta,Shelton,Male
1c7b53f7-5ab7-5b83-8ab5-40f661271df2,Lettie,Parks,Female
12f86fd1-26b5-5f3a-bf0a-c2fb6e61e9ff,Elva,Hansen,Female
b715c2b3-296f-5ee5-86ed-db08367e199b,Kathryn,Cobb,Female
1e2bf09e-bb53-5d68-9132-5ddf5980ceb5,Susie,Valdez,Male
76332e9f-8984-5159-81ef-b6179fe6cd28,Georgia,Burgess,Male
5cca306b-94c5-5dca-97bd-1f567064d8e2,Jack,Salazar,Female
64d4597b-fae1-558d-a722-916d548ff6fa,Edwin,Hampton,Male
6e9d0038-f369-5574-8e8b-b56605d5465f,Mathilda,Hernandez,Male
edc3c419-5e49-5456-8f04-4c175e5f0955,Mable,Weaver,Male
ff624720-9846-51b8-9406-6ed9b9c2a968,Tillie,Hunt,Female
b67216a7-25e1-531f-8590-b3db1cee4792,Sylvia,Ingram,Female
6e3f40bd-289f-5095-b78b-b5af9d0d23d0,Abbie,Ryan,Female
8e69fcbb-81f0-5e67-bed3-b53c2b31075a,Minnie,Maxwell,Male
8be55e86-b31e-5f21-8484-9f6942229a42,Alexander,Terry,Male
cfed5ac5-1443-560c-ac7f-49e421993423,Janie,Keller,Female
50bd3d0c-5eaa-5afc-8b67-b55e16445308,Gene,Munoz,Female
040a1a46-d7d5-53d6-afac-ebcf3be7957d,Essie,Marshall,Female
a33f2952-f8fa-5e73-9651-7783ee36bc5a,Emily,Lucas,Female
b0c84029-61af-58e4-904a-9032740b99f2,Brandon,May,Female
26eed0c9-0d19-5fd9-985b-ca23b5e78fc4,Maurice,McKenzie,Male
ffc97c43-f47c-5939-b157-9e45f94590f3,Callie,Mack,Male
7ed0dac1-0297-57e6-8cfe-6cc9297af3b9,Luella,Harrison,Male
c194fa82-f1ed-5676-821d-97a93cfe05e2,Lucile,Farmer,Male
91f9c754-2ac6-52a5-abec-5f68c628f23b,Elsie,Marsh,Female
c75892fd-532d-516e-80da-1ee744693755,Richard,Waters,Female
37a8e9cd-5573-5efa-94b4-45e89c9c5b1e,Rachel,Atkins,Male
1407df5f-565a-5f50-8246-830179d915b4,Harriett,Wade,Female
0c7d0ff0-a258-5042-823c-2fd6224c309d,Lydia,Benson,Female
cef5e2cf-8347-5c64-95f4-24b0ae44f2e4,Annie,Fernandez,Male
2c06d33c-dbed-563e-8f22-6a876b7f54cd,Maria,Cook,Female
c4738934-157e-5b9c-be18-e9079d9245c8,Sylvia,Hamilton,Female
92ea5eb5-b7ee-5224-8220-0b05936620c8,Emma,Harper,Male
52182bff-982b-5ed2-80b9-54d33b6cae18,Emma,Schmidt,Male
dda98f76-3304-56b8-9d92-a22572cbea08,Lettie,Holt,Male
9231565b-49dc-5586-99ff-58291d3338ef,Evan,Hansen,Female
018e3b60-ceee-5e94-a5e1-5c73d51f1634,Linnie,Gibbs,Female
db52e4d4-f2d7-5240-badc-6d8567c1c4e1,Brett,Fisher,Female
4288f159-013a-5998-92ec-a053e3552a5d,Bertha,Welch,Male
90aec00a-8322-59df-954f-adbefdd4ec8c,Alejandro,Barker,Male
f5b0184a-f900-5a21-ab29-233215d68d18,Hulda,George,Male
ae7ff27a-c23c-53db-b4f2-a9caa59ea91d,Myrtie,Dixon,Female
9c53ad1e-a793-5cc8-8cb4-d7b8f96d7da7,Bruce,Drake,Male
25fe5d54-d772-5313-94cd-bbb33046343f,Virginia,Saunders,Male
4930bdff-22a9-5b33-bf16-7cf91ea92287,Hannah,Jensen,Male
ffab19dc-4dec-5b23-8f7a-8f5654e6cb88,Rachel,Underwood,Female
75c2238b-ec62-57aa-899f-023c0d7fe70d,Helena,Rios,Male
c0e379da-931b-5892-836e-3d3bcf72b609,Marian,Goodman,Male
f29cc736-f73c-50f2-b642-8331e822702c,Logan,Patton,Female
40923b1b-4248-59bc-836f-73d6a1385228,Isabel,Frank,Female
fe13e4bf-b282-5b1b-b23b-fe86b300ac63,Ralph,Armstrong,Male
3c2dc69f-226d-583a-b0bd-6b469bb36914,Emilie,Chandler,Male
24a49b13-7782-544d-9442-b74d0a42745a,Francisco,Gregory,Male
1284af55-7166-508c-a90c-efc6dfdd59be,Calvin,Brooks,Female
a10ad64e-83ae-5b3a-9c24-40c10e951cc5,Barbara,Swanson,Female
be44a035-f366-5c2d-b950-830f3b58df74,Todd,Manning,Male
c13ffdc7-b68e-5169-b90e-74cc3c48720b,Phoebe,Long,Male
04706f6d-c1ee-593e-a470-39d544f0c925,Luis,Wheeler,Male
f9263c56-3122-5199-aeb3-ec0fed4300b7,Mario,Curtis,Female
603e01ba-3bcf-58c8-a815-1294cddadce2,Lura,Webster,Male
63fbfb39-7dc8-502a-a753-a09cdfd4ce0b,Jimmy,Holmes,Female
84555a25-689d-50fe-9bd3-9869955d14fc,Roy,Hernandez,Female
a84ba269-fa06-577f-969a-3ae63ed3189d,Cora,Daniels,Male
ef08734a-c909-5b54-98d7-f8e730fc3f63,Ricardo,Newman,Male
1a414e5f-07f6-55ac-bfa7-b859d28823d6,Jeff,Marsh,Male
276e68ea-3541-5aa4-8e27-93af5ff23be7,Della,Carroll,Female
7fab9e83-a75f-55e1-b591-614d5339bd05,Kevin,Warner,Male
eec0772b-7e7b-5924-9f79-e6f3f6410664,Andre,Welch,Male
8f36e1bb-2a17-5997-9fe8-40cb67f8c38a,Lloyd,Hanson,Female
5c51d19d-efa3-56d0-aeb8-3a84a2dace2e,Isabel,Walsh,Male
840596a3-595b-5d50-8ae5-e970bb21eac5,Steven,Mack,Female
91658502-cdea-5e26-a672-fb6e75bc70b5,Lula,Roberts,Female
c29dd649-fe49-5a1d-ab58-031aaed61fae,Rachel,Jackson,Male
93d0e477-15e1-5a52-8196-257f69fbb6d1,Viola,Coleman,Male
9ca5ccb5-293a-5ccb-a664-876248eec488,Katherine,Carlson,Female
64d8495c-db61-5a75-b43b-0cdbb07c574a,Sam,James,Male
848e4bf9-2af0-5e4a-b85e-142102dc1ed5,Lewis,Fletcher,Male
c31f017d-d2c6-5a4c-b7fc-afadecb19be1,Amanda,Dixon,Female
540726e3-dc9e-5362-9b72-8d934f8a485d,Maude,Perkins,Male
f590c4c9-5f87-5ffc-9b06-0e070fa710f9,Micheal,Berry,Female
daaab879-48aa-59a9-90e3-290e72be83ea,Keith,Clayton,Male
c190dc40-7f2b-5e99-bfba-0674f662ed38,Rosie,Byrd,Female
d87791c0-9e23-530f-a653-d4c5c92c3767,Angel,Dixon,Female
668435d2-dc67-5411-9d5b-e5cd50457a43,Lucille,May,Male
0fe86a95-2237-544c-b15a-3e5d01ef423e,Jay,Ramirez,Male
30fdd8d9-f2d1-5d3b-b85c-69518a20c104,Mabelle,Cannon,Male
e4216816-72cc-55d3-ac56-e5ad30284fb0,Marcus,Anderson,Male
869670ea-27b5-5bf4-8da4-546683b5f233,Harold,Fuller,Male
829d3fa0-362e-5e9e-9119-7e4863af2ff5,Tony,Hunter,Female
00573fb2-d272-570d-b635-f457ad07ac31,Gilbert,Banks,Male
f0c40a26-d301-5cce-ae3e-8349d4d61e25,Steven,Boyd,Male
4ce6c3a7-7c30-5cdc-8626-bccdbe1753d7,Mayme,Higgins,Male
06fc2a81-6b3c-58a8-93c9-0176a2a6dd1c,Marvin,Flores,Male
1f3d016a-0620-5c5e-abcf-644966d3b7a5,Devin,Patrick,Female
6994b091-26df-5229-b03b-aa3b180981df,Fanny,Martinez,Female
0e4bac0f-1bf9-5fc4-a0ee-c13c256e301e,Daisy,Graves,Female
fc227472-c676-54ae-937d-271280444a68,Rodney,Schmidt,Male
f687b8fa-e22b-5677-ba94-2f5ac0f67416,Chase,Mullins,Male
0664d02e-7ae9-5949-a101-f6063ad8e277,Marcus,Tyler,Female
ee539f23-7d68-5a14-883c-c49014821f2f,Johnny,Roberson,Male
50e96960-9da2-5642-950e-775a7dd781f9,Jacob,Carroll,Female
d76df563-4166-54a9-b703-1b1856bae143,Henry,Ford,Female
7de47da8-28a3-5c35-b7a8-4dcc86731bc8,Bill,Horton,Female
eafc3ce3-5f22-52af-b770-72e0c2ad8085,Clara,Phelps,Male
2d26a3af-fd4c-5608-ac4f-78b5ae8e1fbb,Eva,Fuller,Male
08801832-8125-5973-a2b2-b458b085df7d,Terry,Riley,Female
a3fef17e-42d7-5328-90ea-506c4e3c52da,Lou,Allison,Male
23456941-8fdc-50fa-bc28-0bae6b6bb8b9,Lola,Pearson,Male
deaf7b70-eb24-5009-8d0e-2bdfa7b409a6,Ada,Salazar,Female
22dbf5ea-efcb-550e-a8cc-9122169c4e15,Antonio,Powell,Male
3c593ff9-35bc-508d-856d-f40c41cc3c8d,Sue,Carr,Male
59cad1ee-e340-5ea9-b944-75cebaf0b083,Ollie,Walters,Male
de261cdf-1568-50f2-8494-a4d6f80b1610,Carlos,Oliver,Male
a166923a-4926-57b9-9482-1aac169525d6,Lucille,Norman,Male
144ecd26-67e5-5370-b792-cc713beb249c,William,Newton,Male
77a5c45a-89d2-524b-93db-bc4e53135ebf,Bettie,Huff,Male
e557a592-e58e-5211-9498-49c3b9182e7e,Viola,Hampton,Male
8100175d-8011-5515-bb7f-9c6c1ba2114a,Sue,Luna,Male
08f65b64-4270-53a8-93e1-bfd30193bae5,Brent,Hamilton,Female
883c69e1-a6b2-5cd0-9104-5d93b8ae4fef,Joel,Griffith,Female
f23ea02a-c0ba-5db0-a5cd-5e15d2a06531,Jonathan,Fletcher,Female
ad24d866-7c05-52d4-b50e-c1ad23506bd4,Chad,Day,Female
e7c52e26-90bc-57a8-ad59-28129243128b,Chad,Garrett,Male
d3c928ac-e6cd-5d4c-91ef-8d0ff5fc0a03,Henry,Young,Female
c0f4b633-7311-5ebe-b794-b2f376ed28e0,Cordelia,Klein,Female
0c62c136-5f98-5dd4-9cd2-2d9ea3ad2363,Ella,Joseph,Female
b947b3ce-9262-5a41-a701-65ddb02a9004,Adeline,Gibson,Female
f0094bff-84e1-54be-8c6f-f5ef988b41ca,Dennis,Warner,Female
681ca015-6799-5f0a-948d-16d0ee6cfec9,Kevin,Bell,Female
61b6f3cf-9b15-58f8-8f38-b8ff15792461,Nelle,Vargas,Male
527d8f07-b98f-5872-8284-e034509ff1dc,Lydia,Arnold,Female
1720aabc-92a5-5715-bbdd-092fb1e1a6b3,Gary,Neal,Female
80440344-7ae2-591e-9b3a-2ef9a61b676a,Francis,Harmon,Female
6df2ebd0-8677-5eed-9c7b-6369f0620ef8,John,Walton,Male
3ed71191-8c07-5ea7-b97e-d18f2e577ba5,Tony,Mendez,Female
4f7fd4d2-2621-55f5-b631-e05e3fe0e760,Calvin,Nelson,Female
1d434769-8cca-5d0c-8067-24ab1091e7d0,Jayden,Steele,Female
703225d6-eb27-5695-a87f-c8fb189f7f68,Adele,Mack,Female
63df6e62-3af4-57ff-bf77-a8335d54470a,Bobby,Coleman,Male
8758add2-2047-50f3-a6ae-f856d31df58a,Nina,Powers,Male
6ea5794f-5a36-5b6c-a9c9-348984ede5e1,Rose,Sanders,Male
05631ddf-71d0-528d-8df9-67148cbd9119,Eunice,Henderson,Female
f0adb45a-920e-5868-80e3-3149a3db0260,Melvin,Benson,Female
f9b32930-f067-5523-afc0-35be903e1a1e,Mae,Vaughn,Female
3cc8b296-a914-5b5e-b63e-6a5ce7310f85,Jason,Williamson,Female
49906f17-7a89-5f74-a3e9-66e8f632d722,Michael,Watts,Male
f8142a01-bf78-536d-83b5-6f55400554c9,Randall,Collins,Female
21950d1d-86f8-5ddf-abb4-a64afba5294b,Carl,Reese,Male
d6ac8035-8cd1-576f-997b-47ec1dd0df46,Mittie,Rice,Female
1a14e967-2537-5701-a40a-468392b9fa91,Stephen,Collier,Female
c4c9b4ff-e6f2-5298-8b58-7699854d21d6,Verna,Bowers,Male
5487c3a7-9e7d-591a-a8a4-3661835afb52,Rosa,Webb,Male
0be4b899-c34a-5026-b8ba-bcfe2e5e5002,Sarah,Floyd,Female
3a8df26d-ee8f-5dc4-8b70-06263557aaa5,Susie,Lowe,Female
0ab71c88-87b5-59bc-a1ac-95eca83af654,Glen,Hampton,Male
a87986d1-8a12-5a8a-9943-3ef4176f36b5,Aiden,Torres,Female
9e54b585-03d8-54e9-b74c-4a41039f9383,Susie,Luna,Female
6c79f292-1c8a-5bd6-87d8-5f72e080a55b,George,Maldonado,Female
7005eaf3-25d0-5682-9112-9111954a6bca,Lottie,Gibson,Male
8928bb25-0118-588b-a52d-547e0047f696,Ethan,Holmes,Female
588063bf-a082-572d-b9f2-682751f12b34,Willie,Roberson,Male
b30a94ea-14eb-50d7-a59f-f0855a4d3780,Cecilia,Parsons,Male
6fdcdb71-4219-5bc5-a4e5-b5183bc90711,Eric,Curtis,Female
cf5d7f0e-c69f-530b-9be1-2dbf7ababc05,Christian,Padilla,Male
c4e7fe34-11f2-5edf-bec7-461e1f363e7e,Norman,Scott,Female
204ae073-9e5e-53d8-9baa-ec2da754f0d2,Elizabeth,Duncan,Female
5c00b618-93ef-5f04-96f8-ecca57e5db43,Leah,Black,Female
0f0f8906-9c41-5cd5-8ca7-c6c11ff1b1e8,Nettie,Fernandez,Male
0910c691-0966-5b92-b627-890e307529b4,Harry,Roy,Female
9bb1f334-6957-54bf-879c-178d44e14b25,Isaac,Hale,Female
cb35625e-e8ad-56af-90fa-a167bebb8be9,Madge,Stevenson,Male
dfe7f959-fa13-573d-beea-a0c3bcb05a63,Anthony,Ball,Male
be9e7597-a5ee-5e5b-893a-97a5b6f25710,Bradley,Tyler,Female
6ce02d1a-f536-5a8f-8847-0a420d9a4841,Allen,Gilbert,Female
95ae36d5-95f4-5445-9802-cc7ebe818cce,Ronald,Burns,Male
f46c30ee-e70d-58bb-acb9-49c2d5a484f5,Joe,Hansen,Female
9799cbfd-85f5-53a8-83e1-0d705247c587,Jeffery,Stevenson,Male
4f284b02-f51a-5a68-9294-31b0857a0506,Tyler,Sanders,Male
73ef7ea0-f3c1-5c44-985f-e4f4e2359184,Ollie,Bryant,Female
dfd0ca0c-bd45-5986-a019-227b9bed9604,Francis,McLaughlin,Female
1cf159bf-5d42-5a9b-aa2b-a7944e902e18,Kyle,Hammond,Female
c660ea2a-5a3f-5fc5-8de0-c7e82cfa399a,Brent,Clarke,Male
ace459d1-57a3-56d8-a231-f0dd75066ed1,Gabriel,Webster,Male
7a3dfc77-78b9-52f8-bc07-2e466747fa4c,Bernice,Wallace,Female
2cb77cea-5dac-5d97-bd38-70a81e7226d3,Bill,Fitzgerald,Male
afd1865f-64fb-5974-8fea-f6297d28eeb0,Winnie,Fuller,Male
88eae3ce-b4cb-5027-9cbd-defd0ca3ee90,Mario,Goodman,Female
12966414-ce08-5fd5-963b-c21d4973bd8b,Nicholas,Reed,Male
e1bfb83b-0b55-5dbd-943b-d875927e4d4b,Milton,Collins,Female
d1696f1e-0021-5822-bbe3-9d6bf3bbc82d,Mayme,Vasquez,Male
70db68b2-d227-526f-aa2c-01d7c5551522,Nellie,Marsh,Male
4e0129c8-fe2a-531b-bdfe-eea4d007b991,Sallie,Graham,Male
4b4369e4-3c05-5693-a747-b90b3a0b1947,Inez,Barnes,Female
77db8b61-449d-5f70-a274-07832c0ce3f8,Lilly,Patrick,Female
1ad751d2-7a2a-5620-a315-5c6a54ed4da4,Marion,Padilla,Female
b7e7e010-519f-54f8-a77c-3d17ce90896b,Ora,Moore,Male
8fbabbbb-d3e0-5639-9b22-19db61fa0fd2,Harold,Stevenson,Female
10cc4067-411c-52f3-a55e-705959f9f85e,Clara,Caldwell,Male
5afd8f50-2fd9-52ac-bdd9-78af9054edf3,Manuel,James,Male
0179f005-0f65-5ecd-a700-12a88cfc7e01,Jose,Morris,Female
8c1a7ca9-3ffc-59bd-8a18-20a59b9ebc35,Edgar,Doyle,Male
60590944-5dc7-5dc1-af4e-61ef40e246a6,Nettie,Keller,Male
aa3cf783-5adc-50de-b550-4047f3f8404e,Jim,Bryan,Male
512a4503-bd28-54f3-a63d-1377fea79679,Jeffrey,Maxwell,Male
181a3427-b55a-5b1b-8237-bf0a3c64d2e0,Birdie,Owens,Female
3759f75d-4eb0-5041-a2d8-5067a0084c24,Lewis,Hicks,Male
0e08d46d-ab2b-5750-beea-aa64098afad9,Chase,Cox,Female
09b2eca6-91d2-56e9-9c56-c474bf0ecd75,Garrett,Castillo,Male
5fd71642-1feb-55f7-9377-dda968d2f20b,Gary,Mendez,Female
8da0575f-f4a5-51a1-98f7-cccf57370bd6,Corey,Farmer,Female
fd90ce1c-b11f-5ca6-881a-9f9187a523b0,Jorge,Phillips,Male
7ffaaead-178c-5643-9303-7b7d5335c06a,Francisco,Copeland,Male
94b19e03-a861-51a9-b11d-58ea71540e51,Lillie,Aguilar,Female
e11a0f62-cf05-534a-9aea-b24aa608dd18,Harry,Griffin,Female
3019c4c5-7807-5648-97e5-5d1f58d85e74,Jackson,Moran,Male
e5946a49-7505-512a-b67b-088427d2c986,Don,Hansen,Female
b527904a-1b82-5459-b440-ecbb9253b67b,Lou,Curtis,Male
138eaef7-adb5-524b-b303-c56bef4b3913,Lulu,Parks,Female
e17cedc6-bb76-51bb-9495-bdafd35615dc,Nannie,Mills,Female
43b392a0-af4b-5f79-a2ef-37fb1db306c9,Joe,Wilson,Female
da994dd4-c154-5fd0-95f7-421f3d5a76f9,Julia,Matthews,Female
09a0645c-723c-5c6f-bc68-aaf942bdb88b,Zachary,Hicks,Female
8f56ff37-231a-519a-8adb-abc4b540bd8f,Daniel,Casey,Female
68ad7237-724e-580f-a991-ad06c4aa58d0,Mary,Fields,Male
899bb8ee-5c4b-5070-804e-59dec227a621,Zachary,Rios,Male
7f682a1e-e1ec-51f2-9dfc-1427a555d697,Madge,Ross,Male
7f6f9633-0fcd-5c1b-b5fa-a58d1575f249,Ralph,Rose,Female
f9097fcd-a1ae-563b-b784-c1043217edef,Allie,Figueroa,Male
74445a09-daec-5016-91f5-26515e61a4f3,Maggie,Cohen,Female
5624e7d4-0607-5db0-b1ed-5670f51d9dd3,Marguerite,Dixon,Male
603e913b-95a0-5af2-8d8f-dc03d13d66da,George,Andrews,Male
1e7e0b91-b153-54a8-8d8a-ba7df2332145,Eric,Hardy,Female
90f82d90-a2f1-54bd-86f2-e201c16536d9,Millie,McBride,Female
6986909e-d0ef-575f-994d-b8924bb1d03d,Franklin,Gomez,Female
45e799ec-bbb6-5483-b828-f7a858e3a15b,Douglas,Carter,Female
32917def-b280-5e25-b8f8-5b9f2a525ee2,Katherine,Maldonado,Male
e2669fdb-b253-5bd4-b943-e440b38d0d84,Sadie,Guzman,Male
020877cc-c241-545b-acf6-f7e744041691,Charlie,Clarke,Male
f984b414-bd56-51ac-9041-36fc5804bc6f,Jason,Douglas,Female
e16e7471-1923-5ede-b21c-de8fa3633a2a,Claudia,Wise,Male
9f174eec-2a1f-5f36-afc6-121d40a10577,Beatrice,Schmidt,Male
7e1cc47d-4a5d-536c-a0a3-cdb0cc052901,Mattie,Brock,Male
5805f338-4332-595f-b50d-c88b43e0fc6c,Marvin,Curry,Female
4121718e-89e0-5d1c-8c97-de288b998546,Kyle,Meyer,Male
9c5181bf-427c-5b62-9678-5832ae460c6e,Marion,Medina,Male
d4249cf0-6984-58f3-8c85-3919af98826a,Hannah,Gray,Female
91753c4f-84cb-57f3-92f0-d84591c83707,Elijah,Willis,Female
e12e8f26-372a-5aa2-a2b7-c95d5d53c960,Hettie,Montgomery,Female
fb8aed8b-7e38-574c-8099-54881466f56d,Steven,Bennett,Male
9e92c81f-ca93-54a5-be7c-cfdda840a29a,Marc,Taylor,Male
93e997dd-7c99-51b3-8209-9123a49e045b,Bettie,Jackson,Female
1f134e25-02ea-55fa-9378-2f8176d115d1,Mildred,Poole,Female
d8a46454-e70d-5845-9858-b1c1a2aa15f7,Raymond,Baldwin,Male
1bf67648-f79d-5166-b48e-95c02492fff9,Theodore,Edwards,Male
4df76660-eedb-59c5-a38e-df18176f1b88,Mike,Byrd,Male
e7c03b29-c417-540c-a0b9-17067093c225,Emilie,Gross,Female
0ca1f5f5-91ee-559a-99a7-abe1b7e82aa9,Georgie,Copeland,Female
b0011cc4-b73b-5b61-a662-3851c885c486,Larry,Patterson,Female
a96e31ee-5a8b-5cf1-86db-71a03313d5f3,Jim,Thornton,Female
99eee75e-a916-5cda-bbf5-0fd4803584fd,Mittie,Lindsey,Male
7d296d47-2f0f-5066-beb2-92a9e7886a97,Lawrence,Mendoza,Female
d8368c25-3a50-53bc-8768-9afa35387bfc,Sally,Hardy,Male
291ba27b-ac7d-5844-a9a8-0cf0c13ba3f8,Calvin,Berry,Female
7fa761e4-05b8-597e-ab5d-94c8b6ff1a82,Estelle,Jimenez,Female
05ef0b2c-2a22-5708-af63-1c8e9bf576c7,Landon,Pearson,Male
b7179cf8-58a8-5738-890f-a5c7c7823a21,Bess,McCarthy,Female
e2fe58d3-1abe-518a-b3f9-5374b5992347,Jose,Herrera,Male
031cdd0f-f28d-58c8-a5e6-6b93c0bc4d94,Lee,George,Male
d4f642cf-3bdf-5603-af7f-380972b55434,Grace,Harrington,Male
a9458303-5c51-59f8-a2b5-252641e3f3cd,May,Figueroa,Female
b1fd0692-ea56-588f-adb8-77e218e9abd6,Derek,Fleming,Male
32694843-86f6-5727-8c67-5ef0684881e1,Ricky,Clark,Male
90a73b4a-648a-5fd0-820f-2c4f2a7d279b,Jimmy,Evans,Female
10b2881c-477b-52f3-91d3-ee81ca55991f,Maud,Lindsey,Female
abab90a4-8973-5fdb-a776-5d6c5bca4085,Emma,McGuire,Male
3574bbe3-4f9f-5729-b7b4-3ef62145c585,Matilda,James,Male
1ac5f2f7-269c-54fc-b6ae-de3f9c8a09e2,Carlos,Jefferson,Male
54f44a03-8e78-5266-9b52-9fa584744fc9,Gordon,Flores,Male
6b84e2b5-5fe1-55e8-a4c2-a6cb416e3723,Olive,Fisher,Male
3e57c4ab-3134-5fdd-a65b-689fbc7d6235,Manuel,Park,Female
763555a6-f64d-553a-a160-c0d47f970622,Brent,Barrett,Male
7e936fb9-ba2b-5409-8960-60ae8dd1faa4,Luke,Owens,Male
91a7f0c0-2332-5703-a63e-4f5da941ff96,Fred,Allison,Male
7a2d2e7e-3cfe-5c9a-bac1-c4fb5aa7e9be,Mathilda,Todd,Female
63e93cdc-b005-5c85-a254-cdedea79b38c,Vincent,Estrada,Female
01e2c726-eb48-543f-9523-bbb360ed499d,Caleb,Perry,Male
3c62f958-9c0e-5336-949d-3ceb563f1f5f,Vera,Lamb,Female
c1c7f814-76a2-5988-9d78-70fb27a6e73c,Jeffrey,Gonzalez,Female
b35fcba8-193e-55ca-9c7b-72900e5c0435,James,Rhodes,Male
ae37fd25-6c6b-5429-b322-831ce2763775,Maude,Payne,Male
4eb213cd-ce53-513f-9c5f-2cce0700cd45,Nettie,King,Male
341c10fa-79f7-55bc-8de8-9c03f8764cf6,Ronald,Sandoval,Male
eba9d62e-b86a-50f4-b0a9-017acc76125c,Mary,Kennedy,Female
be2dcf6c-4038-5780-ab9b-c34d58631dab,Ada,Nunez,Male
bef3fa7a-27c0-578f-9cda-290762bb874d,Lewis,Romero,Male
d3047867-01b2-5265-81ae-8d43b126679c,Eugenia,Brown,Female
a501d958-1034-5118-8dbf-e6e18cf6e4a7,Phoebe,Cooper,Female
52f75908-443b-5538-a8ed-49bf331c3302,Myrtie,Fowler,Male
d5d53b78-b5bd-5ccf-a861-5a3d6b23369d,Jesse,Walker,Female
592852e5-91fb-5ab0-bbfa-9aa44bc6707a,Nellie,Riley,Male
001776e0-4499-519d-aa95-8a6696c70358,Ronald,Morales,Male
385cafdd-3a65-5a9b-bc22-9d2e7e63b802,Vernon,Hunt,Female
965e486a-d104-5602-a504-e4a64d024a1b,Celia,Lawrence,Male
ae62cc7a-3371-5291-b5be-0bbc4a1ad962,Lora,Strickland,Female
39ab27ce-139d-5cbe-bf84-a9380eee635c,Bill,Vasquez,Female
01f48849-69df-5204-b011-ff8143b31682,Ruth,George,Female
e37561e0-d944-5ab9-8ff0-bcf18c3cda77,Connor,Newton,Female
7d2f4f69-81d6-573f-8331-19ca5fc5a353,Gregory,Young,Female
3da798b2-1952-541a-8d6e-89e6961546c0,Clayton,Love,Female
f7246e0a-d4cc-5cfc-ab71-2d12302e8c00,Lura,Saunders,Female
b412b13c-0636-5d37-b01a-a8aa130249ef,Lily,Munoz,Male
ea9f1190-a2b8-56dd-86b2-9b221a399546,Daniel,Ingram,Male
e282ef83-4709-516b-9d7a-a8547ac01cc0,Bessie,Banks,Female
85def755-09ba-5a86-8495-c630a81b3a56,Claudia,Poole,Female
543869af-a463-5dd9-a07b-fdc348c29669,Addie,Underwood,Female
762cdcc8-19c7-53e9-ba12-c1b97a3d99f3,Hilda,Carroll,Male
cd16da77-f5a5-583f-b71c-a0458071b478,Estelle,Riley,Male
14bbcbac-5b77-50bf-af27-2690a7f23d1f,Mamie,Olson,Female
16d11d8a-c9f1-5229-9088-0007968a3e2f,Curtis,Burns,Female
2cbd1707-371d-598b-8974-93c86a0d6800,Alexander,Blake,Female
e4a67fc1-899b-58cb-b85b-8da9c9948d6b,Ella,Stokes,Female
39dfa047-08e3-52e1-a602-b5aa1e5bddd6,David,Robertson,Male
2646afd9-0d51-508d-88fd-d4a1a7c9bb09,Lawrence,Hansen,Female
604a08a0-9042-5fb5-be57-94cdab806642,Rodney,Singleton,Male
fed4b3aa-f8a0-502e-94dd-edf2becbc182,Lela,Carpenter,Male
5339d86e-b3b2-5f4d-ae88-cf58404d4f71,Brett,Thornton,Female
c2537e94-23b7-536f-82d1-d4adceddb46b,Dollie,Walsh,Male
53c44290-6013-52ba-9ed3-19da0a0510e5,Lydia,Briggs,Female
1700d935-fead-55bd-8528-ca8751415a65,Minnie,Kelly,Female
bfef2bd7-1051-56d9-b386-3ec606059a9b,Timothy,Kelley,Male
da926ec6-b537-5d82-9284-21da90d48e09,Irene,Rodriquez,Female
9d550dcf-593f-5af7-b76a-741ee0a4afe1,Alice,Marsh,Male
17ff11cc-6c61-59ac-ad01-3995fc68ff11,Cole,Park,Female
b5f8e299-f363-59f0-bae2-d65fa5b26823,Bryan,Stone,Male
5d28cda0-9b91-5e84-ac9e-d3b794ec10cc,Adam,Morales,Female
32d770f6-c684-53b2-990a-84b040520d24,Pauline,Morton,Female
5fc6f61d-85d9-5070-8746-bc0143878ffe,James,Strickland,Male
5796f314-afd3-5d93-807f-8bbc0daf0141,Lola,Holland,Male
d66513b1-7df4-5ebd-b044-f0e08302faed,Marie,Hubbard,Female
b911e5cc-70c6-5eb7-a8dd-c9e2a44418ba,Derrick,Fowler,Male
1c275e83-6ec7-5329-b7b7-7330e9f654f4,Adeline,Rodgers,Female
156c9668-8c4d-5318-a3b3-dabb8559bc59,Harvey,Kelly,Female
c36cfd11-dbd7-54e6-a41f-decbd7141b81,Herbert,Douglas,Female
2d49bc3b-2e21-53e0-94a5-d68364033289,Elizabeth,Mann,Female
101ebd54-fe56-5c19-be8a-5f78a9341f14,Ella,Nelson,Female
423fc7d0-4190-5f2f-a6b5-8ee19b847416,Marc,Johnson,Male
15f47aab-3d14-53bb-9171-ecdd8758b71c,Bobby,Stewart,Male
253352a5-6eab-5f3a-9007-03bb4372f071,Maud,Flowers,Male
f82e13c9-f46d-5ad5-a916-5d74b99a857e,Jeffrey,Benson,Male
790accd6-80f3-5c34-9494-01b11ff1745d,Gilbert,Jordan,Male
32691d96-9b52-5ce1-a964-24aca1581b07,Rosie,Moore,Female
0f9f4663-92fb-5bc9-b678-7579998eceee,Erik,Luna,Female
2a676d66-9ed9-5e5b-b9a1-fdb111e57309,Hilda,Burgess,Male
c6838a46-e0a1-5c09-a451-a39db72d9ad5,Hattie,Harris,Female
05a44fc4-17a3-58a9-be4e-6bf1c9a88956,Timothy,Douglas,Male
f5547992-d53e-562d-9284-2d5a54863ddc,Elizabeth,King,Female
e05282ad-0cc2-5b56-8bc3-3c68db0b52c0,Lida,Collins,Female
d06d2f63-7fb6-541c-a144-8d0090a26de8,Sophia,Rios,Male
2bf0e9b4-9aa9-565b-9b2c-53bfe7fcd2a9,Blake,Graves,Male
f781db9d-2c6b-5def-a768-b371345bbd26,Eunice,Baldwin,Female
a2709e9e-0323-53f4-bffc-d7a9acf43835,Myrtie,Hudson,Female
7a9b505b-24df-5f3d-b7de-ca63936d9993,Darrell,Mendez,Male
3f1428f2-bbdb-5508-a150-4cbf8f209942,Stephen,Buchanan,Female
0ae90b37-58d3-5299-81ab-5e43160d9771,Harriett,Robinson,Female
99623e2f-294d-51f2-ae88-8bfd06efc4e1,Amanda,Tucker,Female
9ebc7771-e6ab-5f5a-b59c-e06c27c0bc60,Max,Mathis,Female
32fd1845-a136-56d5-8e77-c6a5534f6e28,Jason,Munoz,Male
00fa5111-63ef-5094-8102-416a3625eb19,Carolyn,Love,Male
c9ace520-453c-5b2e-9111-1456cede76a2,Genevieve,Foster,Female
830577f2-1221-54e5-8d72-6c39dd4115bd,Cora,Martinez,Female
fc41acbd-e66e-5c4f-b575-1138d3ea3982,Angel,Thompson,Male
7aff72fe-9673-5b4b-b653-bf410b2cdd94,Luis,Reynolds,Male
04c23e98-dfc2-587b-81a3-3f04241b5dac,Jim,Page,Male
315551a2-1d1c-5962-81f7-b46a1d6a2259,Lucinda,Nash,Female
9d1ad51b-ba9a-5f9d-887b-1ee036f53e42,Lester,Hill,Male
f8f9816c-2f2d-5854-b870-b1b27b6c7fe0,Margaret,Cooper,Female
97d14304-c103-5dfe-9044-d1d5a4f454b1,Clarence,Greene,Female
e711334b-44ce-53d9-9994-87ab92054956,Alma,Stevens,Female
0fe76e9d-880c-59e0-af56-b9e2ebc9a6d9,Edwin,Torres,Male
d0c4b618-696c-5682-9e06-c5da8d6828f9,Jesus,Nunez,Male
dec3d4af-d5e9-5663-98f3-8f14bf3488b7,Larry,Schmidt,Female
9a4e9289-1890-5903-a8d8-642bcadb6098,Hilda,Newman,Female
cd7fd461-0220-5f95-8396-dd65e3639bde,Donald,Riley,Male
192af1ea-21c0-584b-a47f-727c4aa67167,Chris,Clark,Female
0e7eb3c0-37f1-5f24-bd37-4f09bb4cf3eb,Roger,Hines,Female
a255bdd3-134c-5f33-9561-28898a50da72,Katharine,Sanders,Female
5c6bb503-dc98-5325-821f-3233ca463e84,Bertha,Gardner,Male
77ce963e-d737-580f-90b5-b62631d7ec11,Sally,Wallace,Female
78680b44-52fa-5a7a-9c78-ad37f6f3802e,Rena,Rhodes,Female
f698cf16-f915-54d1-88ea-76259871f71c,Blanche,Reese,Male
65bba3ba-925d-5cc4-bfd4-10c38e3cd014,Brandon,Gonzales,Female
2be6516c-9d39-55d9-9ac9-01beacd1c1e6,Blake,Austin,Female
1e1f325b-6ec5-597f-85b1-b23c970732a3,Eddie,Clarke,Male
e795f4cd-e9ba-5dd3-a648-9ee7b8f0ac73,Gerald,Ellis,Female
2235bc88-a1d3-582d-adbe-b0a7a89e63d3,Mason,Blair,Female
e2f7eb8d-3b29-57c3-8cae-62a69b903db7,Mable,Padilla,Male
323772aa-ffc9-510e-9005-0f9356ba79ec,Brian,Santos,Male
cf07fbb5-451d-5554-b672-3bf445829c9e,Sophia,Owen,Female
e4e7457f-34d8-554b-92b7-7b06b9366dfc,Loretta,Barnett,Male
c69ca597-d49a-5712-a5e8-678e58fd2bd3,Don,West,Male
dffb20af-3f4b-5ade-97a2-c3c7ea975a73,Allie,Morris,Male
f4880efb-4b24-55c2-8f31-cd0b31fa5906,Delia,Webster,Male
48281bfa-7252-595e-8d75-8d6b171c6e71,Henry,Hopkins,Male
593ff971-ac14-5550-a247-851b5d494ad7,Edwin,Cummings,Female
7466cbc1-4901-5ca9-b642-c1e779c7c6e0,Lenora,Morrison,Male
b2ecdfc4-de0b-5cd4-a561-980b773555aa,Mina,Rhodes,Male
12123fcd-00a1-5cd6-ba64-2b2e29c5cb27,Evelyn,Watkins,Male
629d8bed-15fb-59d6-a9bd-5d27cab733bd,Allie,Norton,Female
0588000b-1e50-5c13-9423-308c32bc9da6,Floyd,Martinez,Female
705d4fd4-2a77-597f-bac0-3b0cd0ca5497,Vincent,Richards,Female
6c013bca-2511-58ce-b04c-3681cc2bbdb5,Etta,Thornton,Female
26b06c05-478d-54a8-aa95-254b225b9f22,Patrick,Gutierrez,Male
0aa2dc0c-eb20-591a-91d6-acd10c002bd1,Ernest,Richards,Female
86d2fafb-deaf-5ea5-b6d2-49a1101274a8,Troy,Burgess,Male
3d8a7732-abd3-5638-96ab-6fbf33e8e74c,Amanda,Poole,Female
2cb1b253-6b1e-51c2-88da-d24b0e119b06,Michael,Park,Female
e5f2110f-c1dc-5cc0-b734-f95d3510f2a2,Dustin,Sims,Female
c3a056cd-553f-5f32-8949-5bd919572aa6,Micheal,King,Male
8515bc72-c80e-5ea9-a5f1-7b22b7a965c7,Emilie,Cobb,Male
25a3462c-ccaa-594c-8cde-6a2b4505832c,Gilbert,Hines,Male
2e2acd37-25ab-5ce2-a42f-0d28d151c054,Jayden,Sullivan,Female
70ac1088-4438-5478-9b47-3303d874f9e8,Rosalie,Reed,Male
549b8b8f-167d-5fc0-a755-e306bfe5155a,Francis,Norton,Male
4e02ee85-e4a0-5744-8e1a-0ffa09e3ae5e,Ollie,Mendoza,Female
be77ff92-227e-5024-a906-3784021bc791,Steve,Copeland,Male
3d54f8a3-6b37-58dc-afcd-9cae8b06ef4f,Adele,Holland,Male
8db4d2e3-49ac-5ede-935f-d4ff02a5bc2e,Leonard,Peterson,Female
390d950f-03d2-5eb3-8246-03259d9d64fe,Phoebe,Phelps,Female
bf040cc5-a0bd-5015-abcc-39f0cb6a1462,Clifford,Brewer,Male
216bd746-8754-5e86-818c-c9cfd733ecd7,Georgia,Walters,Female
9488829b-bba3-54fe-a35e-d381bf9020f4,Georgia,Horton,Male
5c29e2e4-747c-53e2-82a2-33e09759d94f,Genevieve,Parsons,Male
5ab6033b-8348-5424-b610-e5a6ef9cb019,Adeline,Byrd,Male
7fe6617f-12f0-5213-9420-a58202de332b,Josie,Grant,Male
9d363659-29ee-57a9-9fe4-83b8006a91bd,Elsie,Hale,Female
73625a86-eac3-55b0-a823-7d08440fd801,Hattie,Hernandez,Female
be5300fb-ec12-599b-881a-52a12b9ba947,Johanna,Nguyen,Female
93fedb59-1ddd-5a6c-9478-8eb2c3a98521,Tony,Salazar,Male
eaa26019-08d3-591f-bc19-89e10b69b018,Douglas,Alexander,Female
48bbaa1a-294a-5e97-b2a0-2587cbe55fc9,Beatrice,Wise,Female
c564c0b7-eaca-58b2-ae2c-071fb31eaa84,Tony,Gordon,Male
34e4f03d-5e91-5ca7-9a9a-3a9d0ee23a73,Peter,Atkins,Female
be897af2-dd94-5e87-a9d5-9cb3757407d6,Anne,Warren,Male
5e6883f5-f4a2-5c9e-8ace-cce6b77f7690,Aaron,Carter,Male
cfff7702-8f57-5b99-bdda-f51616a8918e,Jon,Burton,Male
ddbc4742-04f6-55dd-8109-4eb1a2b6ca49,Ryan,Palmer,Male
81cd6c1f-a3f8-5dbe-8314-a4cfa225aad9,Etta,Black,Male
a61a1353-6882-5e81-9b22-c00a9759df6b,Maud,Swanson,Male
f6389624-f9b3-5097-9cff-5f2cf0230c72,Alice,Duncan,Male
622528ba-9f56-5faf-9ae7-6ce6bec92377,Gilbert,Blake,Female
be74027f-e0cd-56db-8848-afbaf27b0054,Christian,Stevenson,Male
97a986b9-515e-5634-94e7-e24363acfbee,Bertha,Lloyd,Male
7bebb486-7edc-57ea-9caf-87995a9dc176,Lucy,Page,Male
2a2cdc84-497c-521b-a8d1-36208a1d7980,Callie,Mann,Male
0bc4e99b-7728-5437-981c-b60d47bbd739,Don,Diaz,Male
05084e67-6c73-594a-ac67-f6ad35415e7b,Isabella,Waters,Male
9894b396-319b-5828-8909-8e57e7ebbfb7,Ora,Barber,Female
8348e7da-afd9-5dc1-ae1a-f0a90bc4e3e8,Mason,Tran,Female
22dfcb12-e80a-5f09-9370-a04b95a4c8fb,Ollie,Ramos,Male
f6d5a068-772e-5924-9bb2-d5cc1e149e66,Randall,Frank,Female
1e7f98ca-d02f-5513-bd42-f6044b9213d6,Francis,Welch,Male
07140001-4695-54de-8e9e-d2e4a9ecda61,Leila,Moody,Female
9f94a3a7-55af-5dbc-aa63-8bb1a75d2ebe,Ronnie,Vaughn,Male
8563f62a-5ecf-5af5-be3f-00d498dacdf0,Etta,Craig,Female
b2eda465-cb49-5241-863a-88d5ea8df418,Alvin,Garcia,Male
777f41fa-32c9-5337-8c67-ef19f75691be,Ollie,Abbott,Female
17f5361d-fc68-557b-9439-1617de162c96,Eric,Shelton,Female
59746686-6b95-5c08-954f-c1ac531eac6f,Carrie,Norton,Male
be29115f-e896-5189-bbae-5527e0101956,Tillie,Romero,Female
d75a21cd-6556-5530-bb18-76e2a29a0d04,Cameron,Jensen,Female
4769ca84-fbde-5bdb-bb82-4ad5e78445a9,Max,Cain,Male
41e0170d-dfd1-5ce6-ac09-36da2b60bebf,Kyle,Warren,Male
aab9e2f1-5538-5ef3-b88c-b9f24a188109,Cecelia,Reed,Female
103366bd-29d3-5138-bb88-12037cf15eb1,Gussie,Perkins,Female
bba8b453-1e5a-5ada-a62f-0b9b05bb341f,Roy,Collier,Male
07469027-caf6-5f1c-8662-7cc43a6a688a,Clarence,Reese,Female
879ae64d-2105-5702-a8f1-71e57204b527,Richard,Nunez,Male
04d0f176-3a2a-5eba-8133-2a61409ac301,Scott,Barnett,Female
9da6485b-149b-5948-a6b5-6c8baf376800,Eunice,Burns,Female
55dcb660-8602-5cd9-b685-59dacfc21fcf,Mary,Ruiz,Male
0f014642-ae85-556e-9467-b99d21592981,Albert,Morales,Male
5f37fe42-c2f7-52d9-b203-984c7cf63783,Flora,Fisher,Male
75157fab-57a2-5a89-9fa1-345d1df35c9a,Mittie,Gibbs,Female
8cc41ff7-7537-514b-ac9f-94a1d2d17edf,Duane,Schmidt,Female
be2935a7-b078-5bff-b1e6-51eb51090cc2,Barbara,Collins,Female
3287e738-e712-511a-b2ae-c561d939afcd,Craig,Castillo,Male
30ccbb3d-2027-5bc0-aee5-50fa4c24193f,Arthur,Ward,Male
29df61a5-fe51-576c-8ca7-8b532f333abb,Genevieve,Gonzales,Male
2744cfb7-e9cf-59c5-838b-f123a675a0d2,Todd,Nash,Male
69cc9018-2693-581a-a289-6db0354b691b,Austin,Harris,Female
8b7adea4-ea35-5f46-bcc7-8262f2bd22d0,Irene,Summers,Male
25743b27-06a0-522f-8e6a-01bdf000bddf,Dollie,Davidson,Male
444693e6-465f-5149-8c63-572126249baa,Nathan,Curry,Female
4c68f8cc-4938-5608-9b52-c7fe02ebc69b,Josie,Waters,Female
28c929cd-e3c2-561e-a586-dbf2bff4f487,Marvin,Morton,Male
6ce336eb-2235-5abd-aa58-48259117516e,Leah,Bowen,Female
f0d35d0c-b931-5bc3-817f-e0a9273c8c9e,Lou,Hughes,Male
79ccf94c-8cfc-5791-8d02-5f584c386b30,Brian,Lee,Female
af2f32d8-4463-555e-86de-bd87dfb75689,Craig,Patterson,Female
78537a8b-247b-531d-a1ad-9f9d9a9b0664,Craig,Lawrence,Male
a99975e4-a6e0-5fa5-af8b-d287b0a14b9d,Glen,Wise,Male
df7a73c1-da9a-5660-a988-9298e3daad7b,Marc,Rhodes,Female
f460dfd5-14ae-51c5-8796-fecb8025aef4,Matilda,Wong,Female
87bcd710-6ade-5fe4-b1d9-d97927aebf10,Mitchell,Green,Male
24aa4e5b-261c-5473-bf46-d93bac536fd5,Etta,Santos,Male
a14a3947-35d2-59b7-adb8-0d249dd88230,Anthony,Diaz,Male
414b9370-ac20-5816-99ba-c32afb5b03f1,Barry,Warren,Female
7be36273-b8eb-5ad7-a4a3-b6d97b4568dd,Philip,Estrada,Male
5873bc8a-7755-5030-86f3-9739463e4c6d,Roy,Hunter,Female
243f435b-9961-51dc-bf14-5f99edabf40f,Ralph,Day,Male
d5439a4c-dffb-53bd-a984-fa368f96ac19,Dollie,Holland,Female
5f1bc26b-52a4-5183-b284-c05d80a04b58,Susie,Hubbard,Female
53fbb9a2-0449-5c01-8cab-5b1da2ce05ac,Eleanor,Padilla,Female
6677f664-bcdf-564f-a8aa-27902b8aea38,Lewis,Colon,Male
9eae7ae3-df2e-5c4e-a2cd-51c862c32551,Carl,Boone,Male
e2a77a73-272c-555b-b07d-7520e5878909,Abbie,Weber,Male
901d01a9-2001-5972-b202-8516f1be843a,Mario,Rodriguez,Male
f109de91-d5a4-5e95-950e-bc982fa83be0,Henrietta,Henderson,Female
c5836e80-c96c-517e-aca1-e812fca4554a,Lester,Ray,Male
5b5699d1-cd95-5ff2-932b-a9cf81594342,Loretta,Elliott,Male
f3a2e1d4-ab36-5904-b486-8e2c4431cbe0,Oscar,Massey,Male
1f1cfa58-04a7-5b3b-93cb-ea96bbf4cc03,Aiden,Baldwin,Male
67481bf8-a72f-50f4-843c-6ee11a573a6c,Eliza,Martin,Female
9a703949-c097-52ec-96fb-3462325edbc1,Edna,Foster,Female
00e3a575-2bf8-52ae-9e3c-5fdb1d84a5c0,Lida,Barnett,Male
5c13d79b-adfa-5d02-b56c-c329f82e61ba,Luella,Parks,Male
8060e8d4-695c-51bc-86be-b8df6f009657,Blake,Ross,Female
1053c918-a56f-57cc-b00d-97c1cefc208b,Rose,Ferguson,Female
8a685255-9e4e-5174-b4dc-d8bdebdebb31,Alexander,Gonzalez,Female
a2da9b21-363b-5104-8dd7-d73ed7b783f9,Ralph,Farmer,Female
4264a6c6-ee34-52be-b27d-3142fe2cf3f7,Tommy,Franklin,Female
e2fd07e1-0adf-50d5-864d-e8d24884b69d,Virginia,Bates,Male
f7ee36e0-f5c0-5587-9759-8fa0988a06a5,Lucy,Greene,Female
3b2e63bb-669f-5912-9330-9ccf139df16e,Mina,Miller,Female
b19e0ce5-f290-5182-9944-f9aee263ff05,Lucinda,Ryan,Female
1edef711-3bfd-5ea0-a7ad-3838f01d0905,Owen,McKinney,Male
fe68bf56-6d53-5ae7-9485-305a3a33dff4,Ethan,Diaz,Male
ee434f78-83b8-5e6e-9b23-ae3eb2f8dbf1,Blake,Strickland,Male
2680aa8d-2316-5a7f-8c7e-0d93d96418b5,Johanna,Ward,Male
40bf7430-d78b-54ad-a309-60fe6597683c,Maude,Tucker,Female
3fdc2b17-5484-5883-88fb-472c3ec4210e,Leah,Duncan,Female
017da3c2-c31d-5981-9c77-e8333e596401,Grace,Weber,Female
09be2184-e3ac-5a64-8ff1-ffc31c583a8b,Ruby,Kelly,Female
93af7ffe-1349-53ea-bd6d-4ad3c7a4ece5,Katie,Paul,Male
c478f222-2e43-5935-89e1-8e2abfd4a8f2,Paul,Reyes,Female
2d82b9ac-71ef-5448-b773-5c979d960e21,Dominic,Lambert,Male
acb8b4f7-4067-54cd-9641-66fa6f49ba27,Myrtle,Wheeler,Female
8f98fa35-00ae-51d1-8ede-e5f463b28d83,Jerry,Sullivan,Female
0ae6b7bc-bbdc-5033-bfd6-b60de0e0778e,Jesse,Rose,Male
751e2d5b-dd64-51ea-b7e5-14de6427026a,Leona,Phillips,Female
7942d86a-dda1-5020-9ca7-d6349afd183b,Maud,Webster,Male
c85991f4-4a90-505d-a794-31a47604747b,Olga,Floyd,Male
f91d812f-5c7b-5186-a60c-17c467cf458c,Lily,Obrien,Male
2808acec-5c7f-503b-a47c-b50ea06a8aa4,Teresa,Carr,Male
5421478d-ed51-5977-8aa2-4508d86d1762,Clayton,Colon,Female
9223fdd6-3b84-57c2-8341-f128cb2f2388,Ray,Martinez,Male
226f97e7-b4b0-5627-8826-979bee53308e,Walter,Adams,Female
a312db64-96ce-5af5-8738-15ef4fd26447,Jayden,Franklin,Male
aa1baa0e-03e4-594a-9be2-08024c87574a,Justin,Baldwin,Female
6b5ff666-f561-5594-a5fb-9735bdd0c426,Kate,Harmon,Male
d30a1af9-99f9-5b82-a730-30934ffd776b,Rachel,Townsend,Female
185304c8-c74b-543e-ba17-2d1f868f9fc1,Lois,Castro,Male
1275d8de-cfeb-55c1-8437-f5f110b242b3,Linnie,Kim,Female
0d9db3a5-c535-50e6-85ca-ff068b13b460,Harriett,Davidson,Female
533a6b75-3cbb-5e34-a059-9fdee7280095,Inez,Hughes,Female
27159d04-1d84-5bc6-b9cc-fa038b67fdb9,Dora,Weber,Male
f89b4a4a-6903-51c5-b5e1-cacc5a1d296c,Jack,Moreno,Female
b5fcad06-2751-53c9-a167-4002c46be869,Dean,McCoy,Male
5c8af72c-9e72-5d8b-b803-b68b0fbe6e8b,Jonathan,Keller,Female
f3a79a01-8cc7-552d-ab4c-71c9b316ea62,Nicholas,Jones,Female
1fa1bcb4-c010-54a9-af4d-a4f7bba0ddb7,Leroy,Stokes,Male
6c1ee24c-22f8-5857-b021-e25d970f45df,Ray,Clark,Male
b56cad3b-4900-5ad4-b9ac-5f25f19a5856,Christina,Newton,Male
678e1ed1-fe58-5b52-b447-0699a5d1f128,Jerome,Rogers,Male
5e691afb-2e3d-5126-87ec-ba6417675d41,Nell,Osborne,Male
e9422964-da2a-565b-bc6b-47ef8602aa7c,Bernice,Hudson,Male
aa07818d-25bc-501c-8310-64d58696629f,Clyde,Rogers,Male
efb0f0fc-0726-5f67-9401-f85135c27ea5,Callie,Baker,Female
e92ebb7b-83ba-5fe5-be55-ec9ab5a18879,Curtis,Flores,Female
95ae1068-3305-570c-adab-ce7a145c5e0e,Tommy,Maxwell,Female
b7cdb915-8e26-51d6-a1ab-f48fe75b49c0,Eva,Simpson,Female
6f42f87c-a9c7-521c-98aa-659daa4af18d,Bettie,Stokes,Male
6fdefe6d-8419-5d3c-be7c-edc0f6c602d4,Allie,Long,Female
ebe15461-bf2e-5015-8e88-9af02de7a430,Alejandro,Hart,Female
bffec187-4541-5078-b3f0-8bc1734bf2a5,Hulda,Robinson,Male
6ce7f98b-9f41-5d1f-9007-2c53455e83e2,Bruce,Padilla,Male
3d0ec8b8-8bd9-5098-804c-e7a179ea2843,Zachary,Mack,Male
da2d2884-b287-51b7-b5c4-32773940d936,Flora,McCarthy,Male
3bc5d26d-1bbe-50de-a12b-aefd2282113a,Lloyd,Bell,Female
eb9fa8ed-f6de-5532-93b5-dd6e1674f7e7,Willie,Jones,Female
0a3a13ea-8329-5d1e-babc-d43a2530399d,Jay,Hunt,Female
d2f7f8b1-62c5-583b-9d5b-f151d78ebafd,Luis,Austin,Male
44ece562-3e5d-5a98-9f8a-78d740f36cfe,Elsie,Bowman,Male
2f3e86da-8e76-53c3-a501-d815a428e831,Janie,Graham,Female
9dd3a1d1-a8d7-59c5-8d3d-4c5092aa9a68,Tommy,Gray,Female
0bf8f12e-ac8f-5061-9be5-c3caac526a20,Pearl,Blake,Male
ae1daadf-c518-5b44-8583-373a354201bf,Esther,Fuller,Female
680df266-c3e5-5cdd-a7a7-34e0a9cec671,Lilly,Klein,Male
d99de489-4cdd-5cc8-8f76-99900a507396,Marion,Mathis,Female
cea78d2e-42b7-5c60-bdc4-a0d0f55f1316,Wesley,Benson,Male
5c576c55-ed65-517c-9ac4-7cce47531e32,Sara,Grant,Female
16c03644-8fb6-5c28-9969-93a5f887d5fa,Curtis,Powell,Female
f8d1650f-b3b0-561b-b531-a22a615885a8,Elijah,Pratt,Male
02ccb619-2561-52ce-99fa-174efd8e9b46,Danny,Torres,Male
663a7157-f560-53cf-8abb-0054073f25ae,Johnny,Robbins,Female
dc190452-f5fe-5a20-907b-11b2148db933,Kate,Fuller,Male
b3c08aa8-2f8c-599a-99a2-fa0959a54044,Ethel,Castillo,Male
b5b74ed3-9886-529a-a2cb-ead6ffe3880d,Cordelia,Willis,Female
32ccd7d4-5c8e-59cd-96fe-3554175e9db7,Nicholas,Henderson,Female
54fd45b2-000a-58f7-9a99-1e290a6aed9e,Troy,Lynch,Female
9a0a08f8-8c6e-58ca-90f3-70bb344a4e4e,Olivia,Briggs,Male
2fd6307a-804d-5e29-a81b-cd6e13d0e53c,Cecelia,Harrington,Female
2df3caeb-4738-5579-9a70-02b52afe2d29,Minerva,Morris,Male
e3389a96-6dc5-5176-8e5e-66e947203e04,Bertie,Taylor,Female
19a7b566-5369-5942-b8d0-dc3458341044,Cecilia,Pittman,Female
cc0771a0-e257-57a2-af31-46cf58ade5b7,Johnny,Harper,Male
d4b0505a-b293-5e7a-bfc9-8fbd4de1b180,Jackson,Freeman,Female
dbef5902-a96f-51db-b6fd-f16c2cb15632,Alta,Reyes,Female
eab0521e-bf3d-5bc6-a61e-af9c5840a072,Chester,Adkins,Male
f38f3cc5-dcbe-55c6-b89e-eeb183827d94,Olivia,Rice,Female
4b3c3dad-d9d9-5218-abf9-0f3a3bc21c4b,Randall,Briggs,Female
7afb03ce-48b0-5bb3-8cf9-06b0ab7b12c0,Daniel,Myers,Female
f4ef19b8-727c-5b74-8ae6-acb84aa37a0b,Nora,Chavez,Female
d892b429-af75-5a5f-87b7-7e956f0264bd,Carlos,Cortez,Male
93f64d40-7bfd-53b0-af69-f06545ca0651,Flora,Gilbert,Male
4017836d-457e-5324-96bc-e155a9e04d2b,Victor,Mills,Male
739b3c98-587c-5964-aedb-2dabbed9103d,Julian,Barton,Female
4e896c82-37df-5ea0-95b1-dd29280625bc,Gavin,Scott,Female
8b2cc5dc-7f81-59e8-bcfc-d7b95923b151,Maud,Lyons,Female
3f93ad71-d7e7-58b6-a40d-8f4a93b4e64b,Anthony,Holloway,Female
e3187807-343e-5f1a-a41c-cef06cefed0a,Eleanor,Santos,Female
85a90820-eb7a-516a-910c-7e6473b433de,Cory,Erickson,Female
6598b902-6937-5bab-9947-33e987308b82,Joseph,Walton,Male
3bd43656-c6f4-561e-a9f8-21b8ff640c44,Ethan,Farmer,Female